Prénom,Nom,droit
Bastien,Bernard,1
Xavier,Bonnet,2
Thimothé,Boyer,3
Clémence,Caron,2
Aurore,Cartier,2
Thomas,Chevalier,2
Marie,Colin,2
Séverinne,Cordier,2
Morgane,Delaunay,1
Benjamin,Dubois,2
Chistelle,Dufour,1
Véronique,Dumond,1
Laurent,Dupond,2
Virginie,Dupuy,3
Rémy,Durand,2
Nathalie,Duval,2
Julien,Faure,2
Jean,Fontaine,3
Antoine,Fournier,3
Anaëlle,Garcia,2
Philippe,Garnier,2
Joëlle,Gilbert,1
Jérémy,Girard,3
Gilles,Grillot,4
Hugo,Guérin,3
Nadine,Guillot,3
Nathalie,Henry,2
Lucas,Lambert,2
Laure,Lamy,1
Adèle,Laporte,3
Claudine,Leclerc,2
Fabienne,Lecomte,3
Etienne,Lefebvre,1
Frédéric,Legrand,2
Mathilde,Lemaire,1
François,Leroy,1
Mathias,Martin,1
Evelyne,Mathieu,4
Jonathan,Mercier,2
Marie,Meunier,1
Vanessa,Meyer,1
Lucie,Monnier,2
Lucas,Moreau,1
Léo,Morel,3
Manon,Morin,2
Pierre,Muller,2
Cécile,Payet,2
Chloé,Perrin,2
Ethan,Petit,1
Elodie,Rey,2
Pierre,Rousseau,3
Paul,Roux,3
Philippe,Roux,4
Clara,Tessier,2
Claire,Vidal,2
Thomas,Vincent,3
